{
    "mageplaza_wishlist_item": {
        "column": {
            "id": true,
            "wishlist_item_id": true,
            "category_id": true,
            "category_name": true,
            "qty": true,
            "added_at": true
        },
        "index": {
            "MAGEPLAZA_WISHLIST_ITEM_WISHLIST_ITEM_ID": true
        },
        "constraint": {
            "PRIMARY": true
        }
    },
    "mageplaza_wishlist_user_category": {
        "column": {
            "id": true,
            "customer_id": true,
            "category_id": true,
            "category_name": true,
            "updated_at": true,
            "created_at": true
        },
        "index": {
            "MAGEPLAZA_WISHLIST_USER_CATEGORY_CUSTOMER_ID_CATEGORY_ID": true
        },
        "constraint": {
            "PRIMARY": true
        }
    }
}