<?xml version="1.0"?>
<!--
/**
 * Mageplaza
 *
 * NOTICE OF LICENSE
 *
 * This source file is subject to the Mageplaza.com license that is
 * available through the world-wide-web at this URL:
 * https://www.mageplaza.com/LICENSE.txt
 *
 * DISCLAIMER
 *
 * Do not edit or add to this file if you wish to upgrade this extension to newer
 * version in the future.
 *
 * @category    Mageplaza
 * @package     Mageplaza_BetterWishlist
 * @copyright   Copyright (c) Mageplaza (https://www.mageplaza.com/)
 * @license     https://www.mageplaza.com/LICENSE.txt
 */
-->
<config xmlns:xsi="http://www.w3.org/2001/XMLSchema-instance" xsi:noNamespaceSchemaLocation="urn:magento:framework:Event/etc/events.xsd">
    <event name="wishlist_product_add_after">
        <observer name="mp_get_item_after_update" instance="Mageplaza\BetterWishlist\Observer\GetItem"/>
    </event>

    <!-- Updated via controller -->
<!--    <event name="wishlist_update_item">-->
<!--        <observer name="mp_wishlist_update_item" instance="Mageplaza\BetterWishlist\Observer\UpdateItem"/>-->
<!--    </event>-->
    <event name="catalog_block_product_list_collection">
        <observer name="custom_module_wishlist_check" instance="Mageplaza\BetterWishlist\Observer\WishlistCheck" />
    </event>
</config>
