<?xml version="1.0"?>
<!--
/**
 * Mageplaza
 *
 * NOTICE OF LICENSE
 *
 * This source file is subject to the Mageplaza.com license that is
 * available through the world-wide-web at this URL:
 * https://www.mageplaza.com/LICENSE.txt
 *
 * DISCLAIMER
 *
 * Do not edit or add to this file if you wish to upgrade this extension to newer
 * version in the future.
 *
 * @category    Mageplaza
 * @package     Mageplaza_BetterWishlist
 * @copyright   Copyright (c) Mageplaza (https://www.mageplaza.com/)
 * @license     https://www.mageplaza.com/LICENSE.txt
 */
-->
<config xmlns:xsi="http://www.w3.org/2001/XMLSchema-instance" xsi:noNamespaceSchemaLocation="urn:magento:framework:ObjectManager/etc/config.xsd">
    <type name="Magento\Wishlist\Model\Wishlist">
        <plugin name="mp_filter-wishlist-items-collection" type="Mageplaza\BetterWishlist\Plugin\Wishlist\Model\Wishlist"/>
    </type>
    <type name="Magento\Wishlist\Block\Share\Wishlist">
        <plugin name="mp_filter-wishlist-items-shared" type="Mageplaza\BetterWishlist\Plugin\Wishlist\Block\Share\Wishlist"/>
    </type>
    <type name="Magento\Framework\Message\Manager">
        <plugin name="mp_wishlist_message" type="Mageplaza\BetterWishlist\Plugin\Customer\MessageManager"/>
    </type>
</config>
