<?xml version="1.0"?>
<!--
/**
 * Mageplaza
 *
 * NOTICE OF LICENSE
 *
 * This source file is subject to the Mageplaza.com license that is
 * available through the world-wide-web at this URL:
 * https://www.mageplaza.com/LICENSE.txt
 *
 * DISCLAIMER
 *
 * Do not edit or add to this file if you wish to upgrade this extension to newer
 * version in the future.
 *
 * @category    Mageplaza
 * @package     Mageplaza_BetterWishlist
 * @copyright   Copyright (c) Mageplaza (https://www.mageplaza.com/)
 * @license     https://www.mageplaza.com/LICENSE.txt
 */
-->
<config xmlns:xsi="http://www.w3.org/2001/XMLSchema-instance" xsi:noNamespaceSchemaLocation="urn:magento:module:Magento_Customer:etc/sections.xsd">
    <action name="mpwishlist/customer/updateItemOptions">
        <section name="wishlist"/>
    </action>
    <action name="mpwishlist/customer/update">
        <section name="wishlist"/>
    </action>
    <action name="mpwishlist/customer/allcart">
        <section name="wishlist"/>
        <section name="cart"/>
    </action>
    <action name="mpwishlist/customer/cart">
        <section name="wishlist"/>
        <section name="cart"/>
    </action>
</config>
